﻿[
 {
   "iso": "AD",
   "country": "Andorra"
 },
 {
   "iso": "AE",
   "country": "United Arab Emirates"
 },
 {
   "iso": "AF",
   "country": "Afghanistan"
 },
 {
   "iso": "AG",
   "country": "Antigua and Barbuda"
 },
 {
   "iso": "AI",
   "country": "Anguilla"
 },
 {
   "iso": "AL",
   "country": "Albania"
 },
 {
   "iso": "AM",
   "country": "Armenia"
 },
 {
   "iso": "AO",
   "country": "Angola"
 },
 {
   "iso": "AQ",
   "country": "Antarctica"
 },
 {
   "iso": "AR",
   "country": "Argentina"
 },
 {
   "iso": "AS",
   "country": "American Samoa"
 },
 {
   "iso": "AT",
   "country": "Austria"
 },
 {
   "iso": "AU",
   "country": "Australia"
 },
 {
   "iso": "AW",
   "country": "Aruba"
 },
 {
   "iso": "AX",
   "country": "Åland"
 },
 {
   "iso": "AZ",
   "country": "Azerbaijan"
 },
 {
   "iso": "BA",
   "country": "Bosnia-Herzegovina"
 },
 {
   "iso": "BB",
   "country": "Barbados"
 },
 {
   "iso": "BD",
   "country": "Bangladesh"
 },
 {
   "iso": "BE",
   "country": "Belgium"
 },
 {
   "iso": "BF",
   "country": "Burkina Faso"
 },
 {
   "iso": "BG",
   "country": "Bulgaria"
 },
 {
   "iso": "BH",
   "country": "Bahrain"
 },
 {
   "iso": "BI",
   "country": "Burundi"
 },
 {
   "iso": "BJ",
   "country": "Benin"
 },
 {
   "iso": "BM",
   "country": "Bermuda"
 },
 {
   "iso": "BN",
   "country": "Brunei"
 },
 {
   "iso": "BO",
   "country": "Bolivia"
 },
 {
   "iso": "BQ-BO",
   "country": "Bonaire"
 },
 {
   "iso": "BQ-SA",
   "country": "Saba"
 },
 {
   "iso": "BQ-SE",
   "country": "St Eustatius"
 },
 {
   "iso": "BR",
   "country": "Brazil"
 },
 {
   "iso": "BS",
   "country": "Bahamas"
 },
 {
   "iso": "BT",
   "country": "Bhutan"
 },
 {
   "iso": "BW",
   "country": "Botswana"
 },
 {
   "iso": "BY",
   "country": "Belarus"
 },
 {
   "iso": "BZ",
   "country": "Belize"
 },
 {
   "iso": "CA",
   "country": "Canada"
 },
 {
   "iso": "CA-AB",
   "country": "Alberta"
 },
 {
   "iso": "CA-BC",
   "country": "British Columbia"
 },
 {
   "iso": "CA-MB",
   "country": "Manitoba"
 },
 {
   "iso": "CA-NB",
   "country": "New Brunswick"
 },
 {
   "iso": "CA-NL",
   "country": "Newfoundland & Labrador"
 },
 {
   "iso": "CA-NS",
   "country": "Nova Scotia"
 },
 {
   "iso": "CA-NT",
   "country": "Northwest Territories"
 },
 {
   "iso": "CA-NU",
   "country": "Nunavut"
 },
 {
   "iso": "CA-ON",
   "country": "Ontario"
 },
 {
   "iso": "CA-PE",
   "country": "Prince Edward Island"
 },
 {
   "iso": "CA-QC",
   "country": "Quebec"
 },
 {
   "iso": "CA-SK",
   "country": "Saskatchewan"
 },
 {
   "iso": "CA-YT",
   "country": "Yukon Territories"
 },
 {
   "iso": "CC",
   "country": "Cocos (Keeling) Islands"
 },
 {
   "iso": "CD",
   "country": "Congo D.R."
 },
 {
   "iso": "CF",
   "country": "Central African Rep."
 },
 {
   "iso": "CG",
   "country": "Congo"
 },
 {
   "iso": "CH",
   "country": "Switzerland"
 },
 {
   "iso": "CI",
   "country": "Côte d'Ivoire"
 },
 {
   "iso": "CK",
   "country": "Cook Islands"
 },
 {
   "iso": "CL",
   "country": "Chile"
 },
 {
   "iso": "CM",
   "country": "Cameroon"
 },
 {
   "iso": "CN",
   "country": "China"
 },
 {
   "iso": "CO",
   "country": "Colombia"
 },
 {
   "iso": "CR",
   "country": "Costa Rica"
 },
 {
   "iso": "CU",
   "country": "Cuba"
 },
 {
   "iso": "CV",
   "country": "Cape Verde"
 },
 {
   "iso": "CW",
   "country": "Curaçao"
 },
 {
   "iso": "CX",
   "country": "Christmas Island"
 },
 {
   "iso": "CY",
   "country": "Cyprus"
 },
 {
   "iso": "CZ",
   "country": "Czech Republic"
 },
 {
   "iso": "DE",
   "country": "Germany"
 },
 {
   "iso": "DJ",
   "country": "Djibouti"
 },
 {
   "iso": "DK",
   "country": "Denmark"
 },
 {
   "iso": "DM",
   "country": "Dominica"
 },
 {
   "iso": "DO",
   "country": "Dominican Republic"
 },
 {
   "iso": "DZ",
   "country": "Algeria"
 },
 {
   "iso": "EC",
   "country": "Ecuador"
 },
 {
   "iso": "EE",
   "country": "Estonia"
 },
 {
   "iso": "EG",
   "country": "Egypt"
 },
 {
   "iso": "EH",
   "country": "Western Sahara"
 },
 {
   "iso": "ER",
   "country": "Eritrea"
 },
 {
   "iso": "ES",
   "country": "Spain"
 },
 {
   "iso": "ET",
   "country": "Ethiopia"
 },
 {
   "iso": "FI",
   "country": "Finland"
 },
 {
   "iso": "FJ",
   "country": "Fiji"
 },
 {
   "iso": "FK",
   "country": "Falkland Islands"
 },
 {
   "iso": "FM",
   "country": "Micronesia"
 },
 {
   "iso": "FO",
   "country": "Faroe Islands"
 },
 {
   "iso": "FR",
   "country": "France"
 },
 {
   "iso": "GA",
   "country": "Gabon"
 },
 {
   "iso": "GB",
   "country": "United Kingdom"
 },
 {
   "iso": "GD",
   "country": "Grenada"
 },
 {
   "iso": "GE",
   "country": "Georgia"
 },
 {
   "iso": "GG",
   "country": "Guernsey"
 },
 {
   "iso": "GH",
   "country": "Ghana"
 },
 {
   "iso": "GI",
   "country": "Gibraltar"
 },
 {
   "iso": "GL",
   "country": "Greenland"
 },
 {
   "iso": "GM",
   "country": "Gambia"
 },
 {
   "iso": "GN",
   "country": "Guinea"
 },
 {
   "iso": "GQ",
   "country": "Equatorial Guinea"
 },
 {
   "iso": "GR",
   "country": "Greece"
 },
 {
   "iso": "GS",
   "country": "South Georgia & Sandwich"
 },
 {
   "iso": "GT",
   "country": "Guatemala"
 },
 {
   "iso": "GU",
   "country": "Guam"
 },
 {
   "iso": "GW",
   "country": "Guinea-Bissau"
 },
 {
   "iso": "GY",
   "country": "Guyana"
 },
 {
   "iso": "HK",
   "country": "Hong Kong"
 },
 {
   "iso": "HN",
   "country": "Honduras"
 },
 {
   "iso": "HR",
   "country": "Croatia"
 },
 {
   "iso": "HT",
   "country": "Haiti"
 },
 {
   "iso": "HU",
   "country": "Hungary"
 },
 {
   "iso": "ID",
   "country": "Indonesia"
 },
 {
   "iso": "IE",
   "country": "Ireland"
 },
 {
   "iso": "IL",
   "country": "Israel"
 },
 {
   "iso": "IM",
   "country": "Isle of Man"
 },
 {
   "iso": "IN",
   "country": "India"
 },
 {
   "iso": "IO",
   "country": "British Indian Ocean Terr."
 },
 {
   "iso": "IQ",
   "country": "Iraq"
 },
 {
   "iso": "IR",
   "country": "Iran"
 },
 {
   "iso": "IS",
   "country": "Iceland"
 },
 {
   "iso": "IT",
   "country": "Italy"
 },
 {
   "iso": "JE",
   "country": "Jersey"
 },
 {
   "iso": "JM",
   "country": "Jamaica"
 },
 {
   "iso": "JO",
   "country": "Jordan"
 },
 {
   "iso": "JP",
   "country": "Japan"
 },
 {
   "iso": "KE",
   "country": "Kenya"
 },
 {
   "iso": "KG",
   "country": "Kyrgyzstan"
 },
 {
   "iso": "KH",
   "country": "Cambodia"
 },
 {
   "iso": "KI",
   "country": "Kiribati"
 },
 {
   "iso": "KM",
   "country": "Comoros"
 },
 {
   "iso": "KN",
   "country": "Saint Kitts and Nevis"
 },
 {
   "iso": "KP",
   "country": "North Korea"
 },
 {
   "iso": "KR",
   "country": "South Korea"
 },
 {
   "iso": "KW",
   "country": "Kuwait"
 },
 {
   "iso": "KY",
   "country": "Cayman Islands"
 },
 {
   "iso": "KZ",
   "country": "Kazakhstan"
 },
 {
   "iso": "LA",
   "country": "Laos"
 },
 {
   "iso": "LB",
   "country": "Lebanon"
 },
 {
   "iso": "LC",
   "country": "Saint Lucia"
 },
 {
   "iso": "LI",
   "country": "Liechtenstein"
 },
 {
   "iso": "LK",
   "country": "Sri Lanka"
 },
 {
   "iso": "LR",
   "country": "Liberia"
 },
 {
   "iso": "LS",
   "country": "Lesotho"
 },
 {
   "iso": "LT",
   "country": "Lithuania"
 },
 {
   "iso": "LU",
   "country": "Luxembourg"
 },
 {
   "iso": "LV",
   "country": "Latvia"
 },
 {
   "iso": "LY",
   "country": "Libya"
 },
 {
   "iso": "MA",
   "country": "Morocco"
 },
 {
   "iso": "MC",
   "country": "Monaco"
 },
 {
   "iso": "MD",
   "country": "Moldova"
 },
 {
   "iso": "ME",
   "country": "Montenegro"
 },
 {
   "iso": "MG",
   "country": "Madagascar"
 },
 {
   "iso": "MH",
   "country": "Marshall Islands"
 },
 {
   "iso": "MK",
   "country": "Macedonia"
 },
 {
   "iso": "ML",
   "country": "Mali"
 },
 {
   "iso": "MM",
   "country": "Burma"
 },
 {
   "iso": "MN",
   "country": "Mongolia"
 },
 {
   "iso": "MO",
   "country": "Macau"
 },
 {
   "iso": "MQ",
   "country": "Martinique"
 },
 {
   "iso": "MR",
   "country": "Mauritania"
 },
 {
   "iso": "MT",
   "country": "Malta"
 },
 {
   "iso": "MU",
   "country": "Mauritius"
 },
 {
   "iso": "MV",
   "country": "Maldives"
 },
 {
   "iso": "MW",
   "country": "Malawi"
 },
 {
   "iso": "MX",
   "country": "Mexico"
 },
 {
   "iso": "MY",
   "country": "Malaysia"
 },
 {
   "iso": "MZ",
   "country": "Mozambique"
 },
 {
   "iso": "NA",
   "country": "Namibia"
 },
 {
   "iso": "NC",
   "country": "New Caledonia"
 },
 {
   "iso": "NE",
   "country": "Niger"
 },
 {
   "iso": "NG",
   "country": "Nigeria"
 },
 {
   "iso": "NI",
   "country": "Nicaragua"
 },
 {
   "iso": "NL",
   "country": "Netherlands"
 },
 {
   "iso": "NO",
   "country": "Norway"
 },
 {
   "iso": "NP",
   "country": "Nepal"
 },
 {
   "iso": "NR",
   "country": "Nauru"
 },
 {
   "iso": "NU",
   "country": "Niue"
 },
 {
   "iso": "NZ",
   "country": "New Zealand"
 },
 {
   "iso": "OM",
   "country": "Oman"
 },
 {
   "iso": "PA",
   "country": "Panama"
 },
 {
   "iso": "PE",
   "country": "Peru"
 },
 {
   "iso": "PF",
   "country": "French Polynesia"
 },
 {
   "iso": "PG",
   "country": "Papua New Guinea"
 },
 {
   "iso": "PH",
   "country": "Philippines"
 },
 {
   "iso": "PK",
   "country": "Pakistan"
 },
 {
   "iso": "PL",
   "country": "Poland"
 },
 {
   "iso": "PN",
   "country": "Pitcairn Islands"
 },
 {
   "iso": "PR",
   "country": "Puerto Rico"
 },
 {
   "iso": "PS",
   "country": "Gaza Strip"
 },
 {
   "iso": "PT",
   "country": "Portugal"
 },
 {
   "iso": "PW",
   "country": "Palau"
 },
 {
   "iso": "PY",
   "country": "Paraguay"
 },
 {
   "iso": "QA",
   "country": "Qatar"
 },
 {
   "iso": "RE",
   "country": "Réunion"
 },
 {
   "iso": "RO",
   "country": "Romania"
 },
 {
   "iso": "RS",
   "country": "Serbia"
 },
 {
   "iso": "RU",
   "country": "Russia"
 },
 {
   "iso": "RW",
   "country": "Rwanda"
 },
 {
   "iso": "SA",
   "country": "Saudi Arabia"
 },
 {
   "iso": "SB",
   "country": "Solomon Islands"
 },
 {
   "iso": "SC",
   "country": "Seychelles"
 },
 {
   "iso": "SD",
   "country": "Sudan"
 },
 {
   "iso": "SE",
   "country": "Sweden"
 },
 {
   "iso": "SG",
   "country": "Singapore"
 },
 {
   "iso": "SH-HL",
   "country": "Saint Helena"
 },
 {
   "iso": "SI",
   "country": "Slovenia"
 },
 {
   "iso": "SK",
   "country": "Slovakia"
 },
 {
   "iso": "SL",
   "country": "Sierra Leone"
 },
 {
   "iso": "SM",
   "country": "San Marino"
 },
 {
   "iso": "SN",
   "country": "Senegal"
 },
 {
   "iso": "SO",
   "country": "Somalia"
 },
 {
   "iso": "SR",
   "country": "Suriname"
 },
 {
   "iso": "SS",
   "country": "South Sudan"
 },
 {
   "iso": "ST",
   "country": "Sao Tome and Principe"
 },
 {
   "iso": "SV",
   "country": "El Salvador"
 },
 {
   "iso": "SX",
   "country": "Sint Maarten"
 },
 {
   "iso": "SY",
   "country": "Syria"
 },
 {
   "iso": "SZ",
   "country": "Swaziland"
 },
 {
   "iso": "TC",
   "country": "Turks and Caicos Islands"
 },
 {
   "iso": "TD",
   "country": "Chad"
 },
 {
   "iso": "FR-TF",
   "country": "French Southern Territories"
 },
 {
   "iso": "TG",
   "country": "Togo"
 },
 {
   "iso": "TH",
   "country": "Thailand"
 },
 {
   "iso": "TJ",
   "country": "Tajikistan"
 },
 {
   "iso": "TK",
   "country": "Tokelau"
 },
 {
   "iso": "TL",
   "country": "Timor-Leste"
 },
 {
   "iso": "TM",
   "country": "Turkmenistan"
 },
 {
   "iso": "TN",
   "country": "Tunisia"
 },
 {
   "iso": "TO",
   "country": "Tonga"
 },
 {
   "iso": "TR",
   "country": "Turkey"
 },
 {
   "iso": "TT",
   "country": "Trinidad and Tobago"
 },
 {
   "iso": "TV",
   "country": "Tuvalu"
 },
 {
   "iso": "TW",
   "country": "Taiwan"
 },
 {
   "iso": "TZ",
   "country": "Tanzania"
 },
 {
   "iso": "UA",
   "country": "Ukraine"
 },
 {
   "iso": "UG",
   "country": "Uganda"
 },
 {
   "iso": "US",
   "country": "United States"
 },
 {
   "iso": "UY",
   "country": "Uruguay"
 },
 {
   "iso": "UZ",
   "country": "Uzbekistan"
 },
 {
   "iso": "VA",
   "country": "Vatican"
 },
 {
   "iso": "VC",
   "country": "St Vincent & the Grenadines"
 },
 {
   "iso": "VE",
   "country": "Venezuela"
 },
 {
   "iso": "VG",
   "country": "British Virgin Islands"
 },
 {
   "iso": "VN",
   "country": "Vietnam"
 },
 {
   "iso": "VU",
   "country": "Vanuatu"
 },
 {
   "iso": "WS",
   "country": "Samoa"
 },
 {
   "iso": "XK",
   "country": "Kosovo"
 },
 {
   "iso": "YE",
   "country": "Yemen"
 },
 {
   "iso": "FR-YT",
   "country": "Mayotte"
 },
 {
   "iso": "ZA",
   "country": "South Africa"
 },
 {
   "iso": "ZM",
   "country": "Zambia"
 },
 {
   "iso": "ZW",
   "country": "Zimbabwe"
 },
 {
   "iso": "GE-AB",
   "country": "Abkhazia"
 },
 {
   "iso": "Artsakh",
   "country": "Artsakh"
 },
 {
   "iso": "ES-CT",
   "country": "Catalonia"
 },
 {
   "iso": "Chechnya(Russia)",
   "country": "Chechnya"
 },
 {
   "iso": "EU",
   "country": "European Union"
 },
 {
   "iso": "England",
   "country": "England"
 },
 {
   "iso": "Kurdistan",
   "country": "Kurdistan"
 },
 {
   "iso": "Red Peak Flag (NZ)",
   "country": "Red Peak Flag (NZ)"
 },
 {
   "iso": "Scotland",
   "country": "Scotland"
 },
 {
   "iso": "Sealand",
   "country": "Sealand"
 },
 {
   "iso": "Serb Republic",
   "country": "Serb Republic"
 },
 {
   "iso": "South Ossetia",
   "country": "South Ossetia"
 },
 {
   "iso": "Transnistria",
   "country": "Transnistria"
 },
 {
   "iso": "Turkish Republic of Northern Cyprus",
   "country": "Turkish Republic of Northern Cyprus"
 },
 {
   "iso": "Wales",
   "country": "Wales"
 }
]